{
  "timestamp": "2025-08-24T14:56:51.533849+00:00",
  "max_psi": 0.0005913555857775676,
  "live_auc": 0.6360810366406449,
  "retrain": true,
  "reasons": [
    "live_auc_below_0.75"
  ]
}